,LOCATION,1960,1961,1962,1963,1964,1965,1966,1967,1968,1969,1970,1971,1972,1973,1974,1975,1976,1977,1978,1979,1980,1981,1982,1983,1984,1985,1986,1987,1988,1989,1990,1991,1992,1993,1994,1995,1996,1997,1998,1999,2000,2001,2002,2003,2004,2005,2006,2007,2008,2009,2010,2011,2012,2013,2014,2015,2016,2017,2018,2019,2020,2021
0,ALB,,,,,,,,,,,,,,,,,,,,,,,,,,,,,,,,,,,,,,38.724531,40.718208,41.10152,42.025038,42.82385,42.926277,44.593238,44.89852,45.527215,44.41241,44.63495,44.560964,44.337984,44.196121,43.857571,43.655279,44.113521,42.893912,42.705915,42.385666,42.255465,42.302702,42.343174,42.498076,42.969328
1,ARG,,,,,,,,,,,,,,,,,,,,,,,,,,,,,,,0.293966,0.683869,0.776094,0.731127,0.736237,0.74394,0.730181,0.714473,0.694473,0.672245,0.664171,0.64242,0.825842,0.894859,1.031495,1.103322,1.217367,1.362421,1.64653,1.887629,2.255324,2.733128,3.218154,3.940967,5.451964,6.866548,9.294966,10.256822,14.228226,21.096103,29.160147,43.135409
2,AUS,0.700946,0.701324,0.68799,0.698321,0.708346,0.705945,0.70894,0.711321,0.70353,0.70688,0.686037,0.694715,0.713834,0.765748,0.8257,0.860821,0.922783,0.953008,0.963085,0.975888,0.983053,0.986677,1.041494,1.087682,1.111634,1.138866,1.192512,1.243406,1.301244,1.350266,1.365074,1.347968,1.328112,1.312347,1.300571,1.310418,1.311735,1.307666,1.299857,1.29695,1.311512,1.326073,1.33649,1.353236,1.365806,1.388356,1.403522,1.426868,1.479073,1.442545,1.503317,1.511052,1.540115,1.447123,1.452489,1.473691,1.450156,1.477553,1.470403,1.482686,1.446009,1.438979
3,AUT,0.96508,1.006974,1.02202,1.043092,1.058072,1.087932,1.084075,1.088047,1.067039,1.042291,1.016424,1.027424,1.059699,1.085508,1.090505,1.062495,1.063734,1.053572,1.043327,1.003036,0.971276,0.946915,0.939575,0.935561,0.947679,0.945847,0.954536,0.954201,0.935762,0.927158,0.920512,0.922828,0.933657,0.937184,0.940758,0.938151,0.934074,0.931504,0.922763,0.923906,0.90762,0.923168,0.899797,0.888168,0.878078,0.881939,0.860024,0.868179,0.854424,0.843731,0.84219,0.831374,0.813648,0.797081,0.798797,0.798813,0.776931,0.775009,0.765403,0.770813,0.763921,0.770831
4,BEL,0.861825,0.863464,0.857953,0.871225,0.895709,0.9168,0.922523,0.925407,0.905811,0.89597,0.88772,0.892159,0.909566,0.923261,0.953443,0.978715,0.997935,1.009817,0.985188,0.950698,0.907608,0.871764,0.883194,0.897609,0.913472,0.926447,0.933557,0.926372,0.914216,0.921933,0.91366,0.909195,0.919379,0.933954,0.933578,0.925567,0.927866,0.92748,0.935599,0.931348,0.900114,0.89263,0.8733,0.876113,0.888326,0.891788,0.874269,0.878973,0.86694,0.85011,0.836572,0.831911,0.822137,0.806166,0.800214,0.799998,0.781011,0.775634,0.766407,0.766896,0.745495,0.742723
5,BGR,,,,,,,,,,,,,,,,,,,,,,,,,,,,,,,,,,,,0.01961,0.038197,0.398182,0.518743,0.525165,0.53603,0.55596,0.55829,0.559829,0.580245,0.596498,0.618228,0.656434,0.677676,0.693197,0.676937,0.701071,0.692818,0.680005,0.661229,0.678702,0.666662,0.676279,0.6801,0.704525,0.704232,0.720483
6,BRA,,,,,,,,,,,,,,,,,,,,,,,,,,,,,,,1.2e-05,5.8e-05,0.000605,0.012385,0.283775,0.539155,0.62718,0.664201,0.689152,0.734012,0.757989,0.80226,0.867348,0.970414,1.018306,1.060716,1.098672,1.138643,1.215291,1.295865,1.388336,1.473216,1.605704,1.701276,1.813201,1.988814,2.133082,2.181557,2.226397,2.279669,2.368305,2.526131
7,CAN,0.953324,0.94867,0.941626,0.948107,0.957314,0.963874,0.977764,0.992304,0.980698,0.97448,0.936749,0.93598,0.94941,0.986757,1.042692,1.057832,1.095707,1.101754,1.099507,1.116939,1.125443,1.134059,1.162604,1.183495,1.182673,1.184693,1.197407,1.224491,1.236476,1.245778,1.241556,1.23759,1.227694,1.214689,1.206599,1.208429,1.20741,1.200565,1.185044,1.19081,1.227599,1.220464,1.229333,1.225714,1.232662,1.213644,1.205365,1.212099,1.23439,1.202244,1.22182,1.239904,1.244607,1.224,1.230358,1.248042,1.207045,1.212304,1.206524,1.246847,1.245722,1.253066
8,CHE,2.189697,2.25672,2.334714,2.412528,2.495978,2.520322,2.552365,2.591622,2.547597,2.484646,2.369927,2.461999,2.591307,2.656668,2.606311,2.555511,2.48833,2.34881,2.273736,2.141293,2.017049,1.947008,1.968458,1.939099,1.941943,1.925157,1.944419,1.939119,1.925311,1.916753,1.932648,1.970548,1.967576,1.966647,1.948334,1.922398,1.887059,1.843691,1.827589,1.802836,1.788887,1.769144,1.70976,1.715249,1.691806,1.686548,1.598848,1.532132,1.493049,1.470062,1.466062,1.397498,1.354072,1.312477,1.281761,1.235788,1.201964,1.187726,1.178866,1.177269,1.139775,1.104516
9,CHL,,,,,,,,,,,,,,,,,,,,,,,,,,,93.672605,113.88157,133.600996,144.494628,168.867424,198.002684,216.379009,233.858165,257.820204,276.068909,275.731798,279.35646,279.127145,281.522416,287.045251,291.559246,296.823184,304.406164,319.718102,333.69,318.574722,323.878962,340.400833,354.325885,359.83702,348.016847,347.228507,349.680536,367.213907,391.178861,397.250703,397.689401,396.229413,408.021643,417.724619,430.349555
10,CHN,,,,,,,,,,,2.668241,2.556047,2.451562,2.328757,2.1419,1.938427,1.835178,1.746625,1.654163,1.582425,1.505786,1.408056,1.324266,1.289093,1.305713,1.394914,1.43123,1.46767,1.58932,1.660909,1.694013,1.748624,1.849689,2.081248,2.457853,2.736357,2.862002,2.858967,2.801695,2.727866,2.722458,2.716976,2.691388,2.708005,2.82055,2.841551,2.864732,3.005515,3.178837,3.151974,3.328867,3.524468,3.560968,3.663645,3.75885,3.870697,3.988837,4.183811,4.229198,4.20834,4.178659,4.187342
11,CMR,,,,,,,,,,,,,,,,,,,,,,,,,,,,,,,164.4923,164.789762,159.059468,217.216733,233.131882,239.744468,236.400347,246.717149,246.571588,240.422451,238.69688,239.202055,242.066023,242.016921,236.018798,231.948414,230.180076,225.22288,231.902368,238.728861,237.517299,238.707077,242.193954,241.083008,239.119339,240.708267,237.443756,232.801392,231.68269,230.273904,228.783038,226.712348
12,COL,,,,,,,,,,,,,,,,12.2274,14.641665,17.928863,19.753489,22.783081,26.842747,30.319032,35.876317,41.854905,49.705013,60.599062,77.296983,93.719844,116.417231,140.635534,137.18374,168.493739,203.594148,248.241907,308.046318,367.803376,432.409857,507.564396,587.88726,666.799508,742.410525,779.346527,819.000018,879.164212,923.162335,961.4875,987.445252,1011.636827,1068.519965,1103.534382,1132.327837,1179.998238,1215.696024,1218.821028,1232.8894,1289.323671,1298.142605,1328.016627,1322.160543,1343.601781,1320.0954,1358.650605
13,CRI,,,,,,,,,,,,,,,,,,,,,,,,,,,,,,,33.140615,51.147156,59.854953,64.537187,73.081835,86.768984,98.210041,110.646281,122.70747,134.751812,144.214227,154.890735,167.514856,182.094963,201.163504,220.649121,242.090086,260.594583,284.808581,310.431036,327.018289,334.89666,343.876659,347.806785,353.243788,353.963974,343.013617,340.991882,337.901936,331.167742,320.849715,332.026908
14,CYP,,,,,,,,,,,,,,,,,,,,,,,,,,,,,,,,,,,,0.690406,0.696858,0.702077,0.711241,0.720749,0.717098,0.711837,0.710508,0.736531,0.733637,0.722889,0.709836,0.694235,0.693813,0.68208,0.700139,0.698619,0.706854,0.687313,0.67971,0.663142,0.622325,0.615183,0.612439,0.616215,0.612104,0.611901
15,CZE,,,,,,,,,,,,,,,,,,,,,,,,,,,,,,,5.563923,7.329764,8.052024,9.518048,10.469201,11.158714,12.075369,12.903152,13.987135,14.22935,14.332421,14.326301,14.458321,14.176016,14.426129,14.562493,14.414552,14.258779,13.916713,13.638435,13.672004,13.345305,13.297699,12.785271,12.70321,12.93798,12.576343,12.424986,12.371528,12.663206,12.793019,12.919712
16,DEU,1.242774,1.288992,1.309573,1.330448,1.346592,1.358786,1.358207,1.340967,1.308165,1.295629,1.28557,1.316797,1.319436,1.329689,1.308665,1.265595,1.239238,1.202921,1.163721,1.12054,1.083729,1.031386,1.015871,1.005031,0.989331,0.979379,0.988841,0.977328,0.959986,0.950367,0.947191,0.944473,0.972428,0.986803,0.985994,0.984877,0.974407,0.972882,0.968708,0.954119,0.943211,0.929967,0.913257,0.895937,0.875063,0.872721,0.847574,0.837303,0.820401,0.811106,0.80504,0.788739,0.787246,0.774784,0.768937,0.778122,0.752608,0.744783,0.735448,0.751098,0.738351,0.741488
17,DEW,1.242774,1.288992,1.309573,1.330448,1.346592,1.358786,1.358207,1.340967,1.308165,1.295629,1.303072,1.334555,1.337055,1.347917,1.326776,1.28311,1.256547,1.219827,1.18022,1.136884,1.099667,1.04778,1.031753,1.02045,1.005072,0.994618,1.004198,0.991735,0.974387,0.96492,0.962098,0.959853,0.989134,1.004635,1.008222,1.007466,,,,,,,,,,,,,,,,,,,,,,,,,,
18,DNK,3.941534,4.071686,4.244655,4.424863,4.547297,4.752777,4.957231,5.110157,5.208318,5.28073,6.107896,6.246054,6.562085,6.881879,7.151333,7.419236,7.691854,7.88467,8.026174,7.935162,7.918967,8.008082,8.307222,8.584543,8.779394,8.875433,8.90168,9.099904,9.136572,9.228442,9.126955,9.063187,9.007981,8.850435,8.801049,8.730836,8.709891,8.699513,8.661685,8.752578,8.671299,8.694404,8.561606,8.647856,8.459827,8.569438,8.287109,8.162445,7.944128,7.731134,7.590837,7.466492,7.564136,7.354846,7.328674,7.305357,7.079856,6.871679,6.765997,6.791558,6.632676,6.593618
19,EA19,,,,,,,,,,,,,,,,,,,,,,,,,,,,,,,,,,,,0.885829,0.893436,0.877687,0.870088,0.874115,0.863686,0.860614,0.852016,0.857877,0.856019,0.852717,0.826353,0.820202,0.806163,0.795024,0.792931,0.78045,0.77417,0.755544,0.752027,0.755255,0.729729,0.721085,0.713393,0.716695,0.705882,0.703807
20,ESP,0.131135,0.133076,0.138027,0.146707,0.153136,0.162628,0.169989,0.179352,0.181146,0.181077,0.181666,0.186468,0.193966,0.205679,0.218787,0.233844,0.258195,0.299933,0.338035,0.364988,0.379455,0.38947,0.416629,0.448573,0.479992,0.505271,0.549179,0.567783,0.580993,0.59763,0.61827,0.639521,0.667232,0.681356,0.692993,0.712244,0.72246,0.72368,0.723824,0.73921,0.739871,0.747739,0.742312,0.759264,0.765895,0.769508,0.735997,0.73241,0.725862,0.718681,0.726924,0.714129,0.694976,0.6748,0.662359,0.66474,0.642644,0.630839,0.631798,0.633175,0.627393,0.624463
21,EST,,,,,,,,,,,,,,,,,,,,,,,,,,,,,,,,,,0.174679,0.238871,0.307567,0.37731,0.409495,0.43542,0.462332,0.46892,0.488013,0.486245,0.485772,0.493649,0.503328,0.520791,0.551182,0.545055,0.51712,0.512097,0.5116,0.521063,0.522424,0.52689,0.53758,0.527849,0.534908,0.538757,0.552181,0.53617,0.546689
22,EU27_2020,,,,,,,,,,,,,,,,,,,,,,,,,,,,,,,,,,,,0.837972,0.84759,0.836665,0.832023,0.835546,0.830643,0.8278,0.819609,0.820951,0.816961,0.818857,0.794815,0.789521,0.775888,0.755023,0.756823,0.745416,0.738733,0.721414,0.716496,0.718859,0.694352,0.686689,0.678201,0.680299,0.668221,0.667415
23,FIN,0.381996,0.398527,0.405087,0.419786,0.441983,0.451572,0.456959,0.476907,0.509659,0.504703,0.515126,0.526377,0.546163,0.589099,0.659752,0.685749,0.735285,0.757475,0.76045,0.760509,0.764711,0.779883,0.800989,0.83393,0.872844,0.890224,0.914102,0.930259,0.967601,0.991901,1.005784,0.987591,0.974159,0.968407,0.965657,0.985559,0.991931,0.989171,0.991525,0.992037,0.984123,1.002939,0.998133,1.002002,0.973211,0.979424,0.952864,0.934816,0.912125,0.896502,0.900476,0.898068,0.908495,0.905357,0.90721,0.907748,0.880895,0.863657,0.853746,0.863225,0.844975,0.829754
24,FRA,0.555651,0.568996,0.58225,0.610652,0.624771,0.624415,0.620819,0.622692,0.619051,0.62729,0.655507,0.660693,0.676413,0.691674,0.709656,0.738823,0.775559,0.794265,0.810926,0.826005,0.84611,0.863346,0.911453,0.961742,0.993858,1.015932,1.04622,1.046047,1.042672,1.0363,1.02545,1.017171,1.014069,1.006671,0.99474,0.985268,0.981476,0.969213,0.961575,0.952721,0.930369,0.911948,0.900678,0.929893,0.935127,0.916458,0.894688,0.888771,0.881874,0.862966,0.854632,0.841361,0.844301,0.811643,0.807565,0.808694,0.780044,0.770109,0.756166,0.738663,0.727312,0.725323
25,GBR,0.228426,0.233865,0.237129,0.238316,0.24361,0.248356,0.250347,0.250387,0.248822,0.249482,0.269255,0.276729,0.28433,0.292242,0.308491,0.355099,0.387445,0.414793,0.431937,0.45495,0.499474,0.509089,0.515037,0.521014,0.528167,0.540194,0.552487,0.568488,0.582797,0.605316,0.629489,0.647983,0.654585,0.656904,0.652133,0.71328,0.713057,0.708672,0.720713,0.725819,0.704612,0.694682,0.689877,0.695878,0.687839,0.707619,0.696487,0.709239,0.701691,0.710074,0.702243,0.706052,0.701634,0.695248,0.698444,0.692551,0.688603,0.684601,0.687714,0.688058,0.688988,0.692802
26,GEO,,,,,,,,,,,,,,,,,,,,,,,,,,,,,,,1e-06,1e-06,1.2e-05,0.001793,0.107807,0.277419,0.389667,0.408101,0.431553,0.466949,0.477975,0.492574,0.513724,0.521033,0.550197,0.575807,0.605766,0.645648,0.694286,0.675129,0.761769,0.811295,0.743101,0.724774,0.722902,0.753517,0.747673,0.804572,0.820068,0.84749,0.898371,0.955514
27,GRC,0.055736,0.043422,0.04444,0.044285,0.044987,0.045549,0.046179,0.045865,0.044384,0.043543,0.042022,0.041184,0.04147,0.047537,0.053547,0.055437,0.061181,0.065525,0.06966,0.077285,0.084519,0.093901,0.112503,0.130578,0.153655,0.177283,0.206597,0.232363,0.261883,0.288541,0.335677,0.388946,0.436557,0.48798,0.531202,0.571238,0.601555,0.627172,0.647916,0.67328,0.669773,0.66865,0.662967,0.685082,0.694514,0.708976,0.692455,0.718317,0.707951,0.704432,0.721977,0.713163,0.684663,0.631286,0.611135,0.60907,0.58858,0.575041,0.564857,0.563038,0.552809,0.547807
28,HKG,,,,,,,,,,,,,,,,,,,,,,,,,,,,,,,5.756114,6.076747,6.529512,6.92769,7.211611,7.355891,7.648636,7.952082,7.959501,7.527416,7.11082,6.830776,6.49715,5.988626,5.62265,5.443514,5.252335,5.274579,5.241643,5.188709,5.140969,5.232639,5.454228,5.547579,5.70645,5.831053,5.932289,6.011433,6.086029,6.101328,6.063317,5.851252
29,HRV,,,,,,,,,,,,,,,,,,,,,,,,,,,,,,,,,,,,3.184823,3.252187,3.423875,3.654137,3.746338,3.786983,3.873841,3.879356,3.984034,4.008066,4.093482,3.914096,3.865543,3.87238,3.842562,3.873511,3.752616,3.664153,3.575104,3.543476,3.512389,3.382,3.324652,3.311037,3.319914,3.247823,3.273844
30,HUN,,,,,,,,,,,,,,,,,,,,,,,,,,,,,,,,30.090922,35.748556,42.351423,49.548103,61.504015,73.877422,87.382309,97.822387,104.545883,110.086598,114.440223,118.141282,122.012198,128.382006,130.929945,131.490535,134.066824,131.005355,127.690292,126.410628,124.271836,125.623608,124.979432,129.414974,132.55351,132.033797,136.036522,139.092451,145.140842,148.803704,154.840118
31,IDN,,,,,,,,,,,,,,,,,,,,,272.368,260.402,257.744,296.536,309.313,315.658,309.437,349.247,363.18,390.346,349.76306,368.451897,386.499841,449.861286,474.708048,510.905725,545.251137,603.391635,1045.800738,1177.307625,1386.6225,1549.930902,1616.127771,1671.816675,1767.32689,1959.17998,2168.274083,2348.910981,2723.007031,2929.552019,3336.628125,3512.753906,3569.892578,3765.671875,4030.774658,4353.327148,4518.104004,4695.658691,4761.208348,4752.310403,4675.215536,4758.700957
32,IND,,,,,,,,,,,2.847075,2.849501,3.025621,3.382865,3.599771,3.217223,3.22959,3.224656,3.081847,3.265358,3.347865,3.379142,3.429847,3.596462,3.732936,3.85735,4.421835,4.717656,4.932062,5.146414,5.495992,6.047286,6.442613,6.914083,7.445126,7.953088,8.401703,8.794171,9.392878,9.546556,9.675326,9.766415,9.973858,10.159126,10.459989,10.712126,11.264471,11.729724,12.567122,13.366222,14.597721,15.549549,16.160835,17.342325,18.386549,19.235003,19.898727,20.647793,20.949321,21.073227,21.988508,23.138138
33,IRL,0.262773,0.26684,0.273612,0.276844,0.298238,0.303042,0.305829,0.306931,0.305099,0.316527,0.320861,0.337565,0.366889,0.400951,0.390243,0.429069,0.492185,0.524878,0.542005,0.568929,0.598523,0.642159,0.696614,0.742145,0.761998,0.776947,0.811492,0.809311,0.807114,0.819552,0.78422,0.772232,0.776258,0.797531,0.794088,0.801377,0.80757,0.834449,0.863354,0.913882,0.943948,0.969631,0.981997,1.003935,0.991152,1.011707,0.978232,0.957792,0.944447,0.901284,0.849503,0.831513,0.823072,0.811228,0.819041,0.809686,0.794289,0.794405,0.792214,0.826898,0.801156,0.787487
34,ISL,0.26892,0.302795,0.327999,0.350185,0.399766,0.437986,0.467479,0.467026,0.506353,0.582016,0.589114,0.631075,0.715838,0.892126,1.126972,1.463267,1.840976,2.30017,3.142902,4.089022,5.718237,7.793353,11.277454,19.241838,23.564068,30.170371,36.846082,43.12908,51.297636,60.650866,67.332082,70.577866,71.385489,71.009985,71.335331,71.96463,74.140894,73.664448,76.662759,79.246596,84.733554,88.320979,91.105413,92.608203,93.28674,95.840665,101.632762,107.360854,114.527003,121.975931,132.880921,135.152004,136.96767,137.022617,138.547869,141.974926,140.02995,138.277175,140.970278,145.010743,149.685438,150.642103
35,ISR,,,,,,,,,,,,,,,,,,0.000779,0.001137,0.001857,0.003839,0.007877,0.016859,0.040547,0.189716,0.670383,0.986774,1.157276,1.332083,1.52157,1.700338,1.975795,2.164707,2.349097,2.588353,2.765115,2.972841,3.165286,3.345289,3.504641,3.441675,3.425348,3.462676,3.627071,3.535789,3.716937,3.788703,3.725767,3.867205,3.977921,3.990484,3.944763,3.955358,3.839566,3.940387,3.923925,3.788511,3.751633,3.784664,3.916241,3.851099,3.799707
36,ITA,0.161713,0.164611,0.170241,0.181974,0.190371,0.192968,0.190625,0.190447,0.184766,0.182795,0.187343,0.191104,0.193505,0.206821,0.228163,0.244285,0.271956,0.303357,0.322945,0.34428,0.381485,0.413983,0.458286,0.507591,0.54264,0.574265,0.605082,0.625964,0.644847,0.658977,0.691821,0.719924,0.73463,0.745506,0.755776,0.776713,0.797902,0.804206,0.799833,0.806447,0.805361,0.816516,0.823489,0.833464,0.851864,0.855139,0.822842,0.809381,0.783694,0.771323,0.773129,0.758687,0.747731,0.737299,0.739644,0.738694,0.700544,0.689895,0.681219,0.677835,0.663805,0.654354
37,JPN,170.580543,182.091664,185.490474,192.886602,199.585633,204.136198,207.059861,212.340172,212.45396,210.960952,219.744036,219.790426,222.490691,237.7316,263.49276,258.46426,264.599834,265.934469,259.896757,246.589696,238.459018,224.222097,214.860072,208.716921,204.417343,200.647923,199.857834,194.727042,189.268365,185.969188,183.929177,183.121608,182.025387,178.821299,178.830028,174.240281,170.344605,168.301729,166.384091,162.03574,154.691385,149.641888,143.774205,139.579081,134.401332,129.551955,124.448861,120.319482,116.845814,115.219075,111.709563,107.454281,104.273972,101.302673,103.052076,103.469437,105.519502,105.101901,104.158636,104.305752,101.24037,100.41164
38,KOR,,,,,,,,,,,144.445421,152.884292,169.675419,181.32379,217.250723,245.921836,282.59575,304.520859,346.63358,379.403692,433.749556,461.977353,463.195742,467.222989,470.891921,474.648513,488.38947,499.62921,516.983165,527.653021,559.920181,591.112647,622.893976,646.528116,684.657732,717.702429,733.769744,750.208045,775.06307,754.89297,747.736794,756.699134,769.77179,791.293714,794.711552,788.920135,772.216161,770.085526,785.717886,828.420848,840.991702,854.585723,854.887268,869.081422,871.878106,857.483387,858.809687,872.624771,854.871397,864.630567,824.604924,847.456839
39,LTU,,,,,,,,,,,,,,,,,,,,,,,,,,,,,,,,,,,,0.360791,0.422371,0.463802,0.472601,0.461162,0.451723,0.432875,0.42073,0.403992,0.414041,0.435163,0.446252,0.470195,0.492829,0.469393,0.450377,0.451921,0.452657,0.443347,0.44262,0.445858,0.43844,0.44272,0.44662,0.453716,0.455588,0.464377
40,LUX,0.917326,0.875338,0.889061,0.903774,0.939595,0.939631,0.94362,0.921244,0.922572,0.92365,0.971908,0.917486,0.93038,0.989674,1.062148,0.963791,1.025109,0.976455,0.959087,0.941887,0.932283,0.912863,0.952696,0.979301,0.98686,0.986191,0.965912,0.943198,0.936356,0.937262,0.926151,0.912185,0.925118,0.957673,0.970866,0.973102,0.97496,0.973549,0.964396,0.95763,0.955853,0.963649,0.956996,0.964715,0.951208,0.946363,0.916691,0.921418,0.900045,0.903005,0.925638,0.905099,0.90679,0.895254,0.884138,0.881261,0.851894,0.84831,0.848866,0.861888,0.864437,0.851323
41,LVA,,,,,,,,,,,,,,,,,,,,,,,,,,,,,,,,,,,0.243,0.29621,0.328117,0.341885,0.353087,0.354315,0.360855,0.353427,0.360954,0.378228,0.399336,0.438594,0.488891,0.565807,0.575542,0.52113,0.487006,0.498506,0.506203,0.499271,0.497558,0.497569,0.484535,0.484537,0.489931,0.502258,0.493237,0.50634
42,MAR,,,,,,,,,,,,,,,,,,,,,,,,,,,,,,,3.903866,3.979939,4.069787,4.09621,4.036851,4.252004,4.193735,4.152054,4.121908,4.087778,3.967548,3.905442,3.891983,3.857213,3.802175,3.730461,3.67482,3.706756,3.801775,3.783112,3.774658,3.672276,3.749629,3.79399,4.033863,3.996445,3.994037,4.02344,3.972381,3.955536,3.941947,3.859583
43,MDG,,,,,,,,,,,,,,,,,,,,,,,,,,,,,,,83.595136,87.766267,98.31101,105.628445,143.745647,209.832945,246.779201,253.493142,266.238387,281.412883,307.017714,324.02403,371.690308,358.285566,397.613617,456.321253,490.317975,526.532055,555.299552,589.995537,642.562215,694.862671,742.898193,777.658813,823.956116,886.091309,941.010864,1013.434631,1060.518935,1128.765955,1171.720142,1205.855631
44,MEX,0.005534,0.005717,0.005762,0.005883,0.006167,0.006136,0.006207,0.006229,0.006132,0.006092,0.006007,0.006053,0.006164,0.006594,0.007425,0.007867,0.008915,0.010945,0.01194,0.013256,0.015647,0.018011,0.027316,0.050119,0.07697,0.116741,0.198682,0.464669,0.89541,1.090206,1.346483,1.605263,1.795676,2.0568,2.191223,2.971754,3.693004,4.310915,4.920691,5.63367,6.103205,6.329336,6.553697,6.64469,6.986186,7.126862,7.155423,7.370463,7.469532,7.434067,7.679662,7.673013,7.858708,7.884359,8.045318,8.327595,8.446043,8.913552,9.276363,9.650165,9.702813,10.043314
45,MKD,,,,,,,,,,,,,,,,,,,,,,,,,,,,,,,,,,,,,,18.746898,18.751469,19.039173,19.946306,20.501634,20.015094,20.100575,19.261725,19.293497,18.88551,19.513648,19.263751,18.364052,18.730311,19.289492,19.003537,19.105276,18.995822,19.440684,18.958582,18.970122,18.951031,19.009665,18.929174,19.545723
46,MLT,,,,,,,,,,,,,,,,,,,,,,,,,,,,,,,,,,,,0.579735,0.576415,0.575158,0.580708,0.583357,0.580054,0.589103,0.581837,0.573901,0.566255,0.572728,0.571617,0.568111,0.57155,0.569454,0.572477,0.574147,0.57973,0.577475,0.586359,0.599702,0.583015,0.586423,0.586718,0.587628,0.586052,0.589318
47,NLD,0.871991,0.909057,0.895446,0.923993,0.986486,1.01836,1.042898,1.05645,1.049738,1.062781,1.089181,1.127604,1.180814,1.217677,1.218671,1.234026,1.273212,1.275343,1.255509,1.206552,1.153748,1.121368,1.104949,1.078072,1.064539,1.040841,1.022453,0.987327,0.961503,0.937702,0.917966,0.915617,0.917558,0.91063,0.909982,0.909695,0.905398,0.90866,0.905945,0.906357,0.89055,0.905085,0.900863,0.925503,0.907793,0.897139,0.871916,0.8602,0.847775,0.848344,0.854046,0.836065,0.824408,0.798166,0.808798,0.809978,0.795448,0.78215,0.776747,0.794447,0.774008,0.769839
48,NOR,6.181021,6.283565,6.435664,6.558047,6.746634,6.87698,6.909397,6.915687,6.886754,6.822766,7.021888,7.109781,7.191203,7.409687,7.570966,7.544808,7.711957,7.854002,7.79729,7.610493,7.896183,8.142678,8.474868,8.723248,8.942352,9.118795,8.889546,9.301482,9.421974,9.575356,9.581643,9.473196,9.20287,9.195887,8.989584,9.074512,8.975932,9.056413,9.312354,9.283739,9.086557,9.177039,9.05673,9.197485,9.125651,9.005204,8.780118,8.922942,8.859281,9.083913,9.151227,9.082736,9.037085,9.029349,9.278458,9.932516,10.0419,9.74983,9.583999,9.975182,10.119987,9.674744
49,NZL,0.481728,0.460293,0.476968,0.480126,0.490676,0.486977,0.459276,0.485299,0.489692,0.469908,0.534726,0.567213,0.58834,0.620426,0.592902,0.592658,0.685699,0.774624,0.785834,0.854614,0.903731,0.974328,1.006066,1.03051,1.054869,1.179706,1.333317,1.471919,1.536628,1.549465,1.538101,1.491887,1.486474,1.482892,1.463663,1.46232,1.466707,1.447951,1.447303,1.43466,1.443958,1.473589,1.468962,1.496707,1.507009,1.535,1.480932,1.504794,1.490709,1.471921,1.496928,1.485915,1.495622,1.445979,1.44073,1.478014,1.441008,1.430959,1.47006,1.428259,1.436351,1.486354
50,POL,,,,,,,,,,,,,,,,,,,,,,,,,,,,,,,0.266043,0.399537,0.541519,0.691075,0.928562,1.163951,1.351166,1.512987,1.655,1.737656,1.833166,1.837606,1.799795,1.804465,1.830045,1.867595,1.850453,1.853936,1.842243,1.869157,1.804815,1.801424,1.796168,1.762045,1.767142,1.765116,1.732843,1.742879,1.748426,1.787166,1.7905,1.837204
51,PRT,0.064239,0.064913,0.063312,0.063903,0.063896,0.064586,0.065693,0.066374,0.064355,0.065716,0.063582,0.06355,0.065671,0.068153,0.074322,0.079062,0.087133,0.103694,0.11853,0.130724,0.144955,0.155744,0.17703,0.212274,0.255439,0.301425,0.355903,0.382382,0.410593,0.436644,0.476213,0.507096,0.552546,0.579567,0.608746,0.616686,0.628468,0.641141,0.656782,0.660642,0.661116,0.671054,0.672081,0.669797,0.676147,0.664259,0.640156,0.646816,0.636148,0.627329,0.623122,0.623083,0.605398,0.583607,0.578868,0.584947,0.571416,0.575688,0.571227,0.576159,0.568553,0.571596
52,ROU,,,,,,,,,,,,,,,,,,,,,,,,,,,,,,,,,,,,0.06183,0.08765,0.2032,0.296563,0.438331,0.61618,0.813686,0.978351,1.176677,1.268748,1.401277,1.399446,1.487916,1.566223,1.567217,1.537645,1.550032,1.563595,1.606221,1.628367,1.662879,1.596919,1.613568,1.66558,1.715435,1.70758,1.745966
53,RUS,,,,,,,,,,,,,,,,,,,,,,,,,,,,,,,,,,,,1.71517,2.455975,2.778421,3.258399,5.539641,7.301404,8.322817,9.273504,9.866787,11.556843,12.736131,12.618288,13.984503,14.341196,14.016913,15.821142,18.443729,19.56826,19.505592,20.998875,23.562632,24.192337,24.124181,24.542904,24.838261,24.492859,27.331899
54,SAU,,,,,,,,,,,0.446188,0.471683,0.454919,0.474891,0.99438,0.882648,1.019232,1.038029,1.021863,1.183677,1.483953,1.474692,1.316578,1.172671,1.103191,0.997756,0.796399,0.806691,0.741503,0.770356,0.846625,0.800402,0.780247,0.749495,0.74186,0.7689,0.814295,0.828186,0.704855,0.795763,0.863324,0.830399,0.866362,0.869276,0.94015,1.095242,1.18541,1.25158,1.445263,1.210407,1.401647,1.586354,1.650197,1.666466,1.646281,1.591297,1.63892,1.649027,1.863075,1.795289,1.619635,1.784958
55,SEN,,,,,,,,,,,,,,,,,,,,,,,,,,,,,,,172.275988,165.101377,160.08698,156.512019,205.404591,215.496291,220.428237,220.977328,224.590516,220.305789,218.244411,228.3655,229.143775,222.635128,216.522371,219.85002,219.423287,227.726098,241.799753,236.201716,237.141428,241.276062,245.599808,247.211914,243.618332,242.595215,244.657715,246.786667,239.006736,239.649156,240.31656,236.380142
56,SGP,,,,,,,,,,,,,,,,,,,,,,,,,,,,,,,0.971486,0.981387,0.972836,0.983155,0.995931,1.00646,1.003251,0.996944,0.972748,0.92491,0.939362,0.901997,0.880189,0.847625,0.858151,0.847872,0.837662,0.863878,0.835911,0.855122,0.854328,0.846738,0.845872,0.858817,0.863951,0.8796,0.878306,0.88598,0.895652,0.876752,0.840563,0.839572
57,SRB,,,,,,,,,,,,,,,,,,,,,,,,,,,,,,,,,,,,,,,,,9.599904,17.830736,20.357691,22.635836,24.093802,27.032759,28.824586,30.425147,31.324467,33.262548,34.833387,36.323581,37.982549,39.322683,39.801943,40.737463,40.454952,40.820835,41.004083,41.475113,41.768579,
58,SVK,,,,,,,,,,,,,,,,,,,,,,,,,,,,,,,,,0.314764,0.354724,0.394015,0.424094,0.435985,0.450417,0.466061,0.494406,0.516451,0.515824,0.521518,0.544347,0.564488,0.564715,0.554596,0.553762,0.53743,0.515563,0.502086,0.506407,0.504542,0.491124,0.485412,0.491548,0.503194,0.516433,0.526001,0.53942,0.537942,0.540124
59,SVN,,,,,,,,,,,,,,,,,,,,,,,,,,,,,,,0.034743,0.065508,0.197382,0.264304,0.317234,0.389654,0.427029,0.455885,0.4825,0.508506,0.526578,0.560264,0.583286,0.607891,0.607829,0.610135,0.609683,0.630365,0.633789,0.645474,0.6379,0.62397,0.606793,0.590407,0.591238,0.595298,0.577106,0.570149,0.567612,0.569799,0.561764,0.565944
60,SWE,4.472795,4.559932,4.636998,4.696337,4.816451,4.966419,5.113278,5.219494,5.09653,5.011489,4.997141,5.094217,5.223641,5.300593,5.322936,5.57869,5.917926,6.158413,6.303132,6.282566,6.437188,6.396328,6.511169,6.88945,7.157312,7.382243,7.694051,7.86285,8.094024,8.405907,8.870226,9.287649,9.172908,9.158744,9.199332,9.353814,9.248394,9.329777,9.395892,9.3059,9.164252,9.404224,9.413655,9.485983,9.294303,9.479182,9.111461,8.872908,8.778986,8.920741,9.024622,8.844042,8.654768,8.597681,8.727131,8.854383,8.822586,8.852247,8.865881,8.99766,8.747881,8.708853
61,TUR,4e-06,5e-06,5e-06,5e-06,5e-06,5e-06,5e-06,6e-06,6e-06,6e-06,5e-06,5e-06,5e-06,6e-06,7e-06,8e-06,9e-06,1e-05,1.4e-05,2.3e-05,3.9e-05,5.2e-05,6.3e-05,7.6e-05,0.000109,0.000162,0.000216,0.000281,0.00046,0.000777,0.001185,0.001821,0.002915,0.004778,0.009658,0.017708,0.030974,0.055366,0.128872,0.196465,0.28163,0.415071,0.591251,0.736546,0.792173,0.834589,0.841805,0.851309,0.87996,0.904628,0.920309,0.966176,1.019856,1.070294,1.104504,1.162452,1.241052,1.38398,1.63261,1.926257,2.197153,2.781851
62,USA,1.0,1.0,1.0,1.0,1.0,1.0,1.0,1.0,1.0,1.0,1.0,1.0,1.0,1.0,1.0,1.0,1.0,1.0,1.0,1.0,1.0,1.0,1.0,1.0,1.0,1.0,1.0,1.0,1.0,1.0,1.0,1.0,1.0,1.0,1.0,1.0,1.0,1.0,1.0,1.0,1.0,1.0,1.0,1.0,1.0,1.0,1.0,1.0,1.0,1.0,1.0,1.0,1.0,1.0,1.0,1.0,1.0,1.0,1.0,1.0,1.0,1.0
63,ZAF,,,,,,,,,,,0.264638,0.267003,0.284232,0.319083,0.339394,0.344235,0.360337,0.377132,0.393263,0.417844,0.478568,0.481509,0.51691,0.579614,0.62364,0.70617,0.810963,0.905983,1.00769,1.136695,1.258557,1.407964,1.579144,1.742831,1.873827,2.034262,2.157941,2.293984,2.451646,2.584119,2.758894,2.908572,3.223016,3.362784,3.472747,3.555619,3.658372,3.855828,4.080267,4.405504,4.61997,4.776628,5.107817,5.295738,5.571891,5.825256,6.159093,6.426701,6.525087,6.698856,6.96812,7.168097
64,ZMB,,,,,,,,,,,,,,,,,,,,,,,,,,,,,,,0.009567,0.017828,0.046285,0.110166,0.194954,0.249402,0.304553,0.375443,0.434034,0.504717,0.654497,0.802215,0.943074,1.087662,1.268074,1.434236,1.593633,1.752957,1.902978,1.995984,2.247433,2.446346,2.651491,2.832861,3.064822,3.366482,3.878827,4.19258,4.398242,4.650791,5.226975,6.190462
